{
  "session_id": 1762274608690,
  "duration_seconds": 180.1296911239624,
  "total_frames": 4358,
  "avg_fps": 27.647259733955522,
  "min_fps": 0.8723780896304559,
  "max_fps": 29.75855832657787,
  "avg_latency_ms": 29.81146282425382,
  "max_latency_ms": 1146.285057067871,
  "frames_below_25fps": 483,
  "total_detections": 3615,
  "detections_by_class": {
    "person": 636,
    "chair": 1332,
    "bottle": 1071,
    "mouse": 57,
    "laptop": 48,
    "keyboard": 234,
    "table": 237
  },
  "detections_by_source": {
    "rgb": 3615
  },
  "detections_by_distance_bucket": {
    "very_close": 1731,
    "medium": 810,
    "far": 624,
    "close": 450
  },
  "avg_distance_normalized": 0.25516487042836505,
  "avg_distance_raw": 296.22360950010943,
  "total_audio_events": 90,
  "audio_by_action": {
    "enqueued": 30,
    "processed": 30,
    "spoken": 18,
    "skipped": 12
  },
  "audio_by_source": {
    "rgb": 90
  }
}